pair_id,true_direction,weight,pair_name,variable_x,variable_y,n_raw,n_finite,data_url,description_url,cache_sha256,continuous_continuous,basis,time_space
1,1,0.166,Altitude / Temperature,Altitude,Temperature,349,349,https://webdav.tuebingen.mpg.de/cause-effect/pair0001.txt,https://webdav.tuebingen.mpg.de/cause-effect/pair0001_des.txt,4c6227cb52f0f6a6735a0029b67bdc75445a6abde92a3307b44a78ba4c93d870,yes,Altitude and average temperature are physical continuous quantities; DWD station observations,spatial
2,1,0.166,Altitude / Precipitation,Altitude,Precipitation,349,349,https://webdav.tuebingen.mpg.de/cause-effect/pair0002.txt,https://webdav.tuebingen.mpg.de/cause-effect/pair0002_des.txt,fd6e96a056aaa5e31386dadfa812286f6b7413709e21f8d2eef9451232370964,yes,Altitude and mean precipitation are physical continuous quantities; DWD station observations,spatial
3,1,0.167,Longitude / Temperature,Longitude,Temperature,349,349,https://webdav.tuebingen.mpg.de/cause-effect/pair0003.txt,https://webdav.tuebingen.mpg.de/cause-effect/pair0003_des.txt,16988f0926df3a7b3fa049c15fcdcdce79267ec111bf422ddb94e09eef2a2185,yes,Longitude and mean temperature are physical continuous quantities; DWD stations,spatial
4,1,0.166,Altitude / Sunshine hours,Altitude,Sunshine hours,349,349,https://webdav.tuebingen.mpg.de/cause-effect/pair0004.txt,https://webdav.tuebingen.mpg.de/cause-effect/pair0004_des.txt,eb7b9240765269ab4d7c80b3eaf5f454a1875f27e7b2fcb82b0e6d13a74eba0b,yes,Altitude and annual sunshine duration are physical continuous quantities; DWD stations,spatial
5,1,0.143,Age / Length,Age,Length,4177,4177,https://webdav.tuebingen.mpg.de/cause-effect/pair0005.txt,https://webdav.tuebingen.mpg.de/cause-effect/pair0005_des.txt,90d12e140d3540990353109f12f3be5b1f93d6352218dd2da6040615316429cd,no,Metadata explicitly labels Rings as integer and Length as continuous,not_documented
6,1,0.143,Age / Shell weight,Age,Shell weight,4177,4177,https://webdav.tuebingen.mpg.de/cause-effect/pair0006.txt,https://webdav.tuebingen.mpg.de/cause-effect/pair0006_des.txt,abae294dcdf98e9a102aa8220c4585a8f1b22b2948b4947bb3aac509c07efd3c,no,Metadata explicitly labels Rings as integer and Shell weight as continuous,not_documented
7,1,0.143,Age / Diameter,Age,Diameter,4177,4177,https://webdav.tuebingen.mpg.de/cause-effect/pair0007.txt,https://webdav.tuebingen.mpg.de/cause-effect/pair0007_des.txt,33df08041f420d8500d7c9da1904d02f94582885da9fe7812c8b5ed114bea1be,no,Metadata explicitly labels Rings as integer and Diameter as continuous,not_documented
8,1,0.143,Age / Height,Age,Height,4177,4177,https://webdav.tuebingen.mpg.de/cause-effect/pair0008.txt,https://webdav.tuebingen.mpg.de/cause-effect/pair0008_des.txt,3d0360be87e939fd0479c85cb904dadf1865f06f6d9d6d282efd546d8f42a2f2,no,Metadata explicitly labels Rings as integer and Height as continuous,not_documented
9,1,0.143,Age / Whole weight,Age,Whole weight,4177,4177,https://webdav.tuebingen.mpg.de/cause-effect/pair0009.txt,https://webdav.tuebingen.mpg.de/cause-effect/pair0009_des.txt,c6b17d95bc27c2ab351baa77b74707fbbf84ae14c9df84ce9530e9b42086ee9b,no,Metadata explicitly labels Rings as integer and Whole weight as continuous,not_documented
10,1,0.143,Age / Shucked weight,Age,Shucked weight,4177,4177,https://webdav.tuebingen.mpg.de/cause-effect/pair0010.txt,https://webdav.tuebingen.mpg.de/cause-effect/pair0010_des.txt,04be8cabb5aa12a41b0a591c477afeec837f3a1454b4cb5ad1ca800853454401,no,Metadata explicitly labels Rings as integer and Shucked weight as continuous,not_documented
11,1,0.142,Age / Viscera weight,Age,Viscera weight,4177,4177,https://webdav.tuebingen.mpg.de/cause-effect/pair0011.txt,https://webdav.tuebingen.mpg.de/cause-effect/pair0011_des.txt,b9f309aa7100654949444cbecdb559bbd10c561444d6bcc4a2a0fa572075dfb3,no,Metadata explicitly labels Rings as integer and Viscera weight as continuous,not_documented
12,1,0.5,Age / Wage per hour,Age,Wage per hour,5000,5000,https://webdav.tuebingen.mpg.de/cause-effect/pair0012.txt,https://webdav.tuebingen.mpg.de/cause-effect/pair0012_des.txt,aca43bf3f3614ecc346cf53e550373723a6f3ef5c01503d2eb0e2cb5a91bdb73,ambiguous,Age and wage per hour; metadata does not specify age recording resolution or variable type,not_documented
13,1,0.25,Displacement / Fuel consumption,Displacement,Fuel consumption,392,392,https://webdav.tuebingen.mpg.de/cause-effect/pair0013.txt,https://webdav.tuebingen.mpg.de/cause-effect/pair0013_des.txt,0490af73ff86c01674b95eaed6d0ef015a90725a68670c9c01144b35892163df,yes,Metadata explicitly labels displacement and mpg continuous,not_documented
14,1,0.25,Horse power / Fuel consumption,Horse power,Fuel consumption,392,392,https://webdav.tuebingen.mpg.de/cause-effect/pair0014.txt,https://webdav.tuebingen.mpg.de/cause-effect/pair0014_des.txt,9c2d5a76574cd2ad43ed49d82ce366cf3249c01c13f637889fdbd905652ab92b,yes,Metadata explicitly labels horsepower and mpg continuous,not_documented
15,1,0.25,Weight / Fuel consumption,Weight,Fuel consumption,392,392,https://webdav.tuebingen.mpg.de/cause-effect/pair0015.txt,https://webdav.tuebingen.mpg.de/cause-effect/pair0015_des.txt,d183ebbd3960d841db76fe19a7452c1fd03267e9a7e6176c4c0ed1debb0a0b80,yes,Metadata explicitly labels weight and mpg continuous,not_documented
16,1,0.25,Horsepower / Acceleration,Horsepower,Acceleration,392,392,https://webdav.tuebingen.mpg.de/cause-effect/pair0016.txt,https://webdav.tuebingen.mpg.de/cause-effect/pair0016_des.txt,12b2b8b03258e6b161d9dea70820447605f445202e7b1bf22f5f14ff3abe3654,yes,Metadata explicitly labels horsepower and acceleration continuous,not_documented
17,1,0.5,Age / Dividends from stocks,Age,Dividends from stocks,5000,5000,https://webdav.tuebingen.mpg.de/cause-effect/pair0017.txt,https://webdav.tuebingen.mpg.de/cause-effect/pair0017_des.txt,728a1889f3fa60ec4501805f70dede7ff7d4edccb8099c003f83eaa6e12e6027,ambiguous,Age and stock dividends; metadata does not specify age recording resolution or variable type,not_documented
18,1,1.0,Age / Concentration GAG,Age,Concentration GAG,314,314,https://webdav.tuebingen.mpg.de/cause-effect/pair0018.txt,https://webdav.tuebingen.mpg.de/cause-effect/pair0018_des.txt,e099f5b62f92a28592df1a13e103574c4abecafc31cce1c47f253ded2c488fc4,ambiguous,Child age in years and GAG concentration; metadata does not specify age recording resolution,not_documented
19,1,1.0,Current duration / Next interval,Current duration,Next interval,194,194,https://webdav.tuebingen.mpg.de/cause-effect/pair0019.txt,https://webdav.tuebingen.mpg.de/cause-effect/pair0019_des.txt,d60445ac6c062ee172a11c1459df848c1d3bd0f5446440c94a7472c1687e3eba,yes,Eruption duration and time to next eruption in minutes; physically continuous durations,temporal
20,1,0.166,Latitude / Temperature,Latitude,Temperature,349,349,https://webdav.tuebingen.mpg.de/cause-effect/pair0020.txt,https://webdav.tuebingen.mpg.de/cause-effect/pair0020_des.txt,96b97354d69100a80c8c5046c88daf3c2b333099a5799b7632490790ce540c7c,yes,Latitude and average temperature are physical continuous quantities; DWD stations,spatial
21,1,0.167,Longitude / Precipitation,Longitude,Precipitation,349,349,https://webdav.tuebingen.mpg.de/cause-effect/pair0021.txt,https://webdav.tuebingen.mpg.de/cause-effect/pair0021_des.txt,552ee0eb9406ec021e26ccb939388080e95d5a7505ec202d2c083dca1a326693,yes,Longitude and average precipitation are physical continuous quantities; DWD stations,spatial
22,1,0.333,Age / Height,Age,Height,450,450,https://webdav.tuebingen.mpg.de/cause-effect/pair0022.txt,https://webdav.tuebingen.mpg.de/cause-effect/pair0022_des.txt,45e757b93a82bfbda2c2cf1e783e080a05deac3fa064d1eb0f4cdf80421c2f76,ambiguous,Arrhythmia age in years and height are labeled linear; this does not settle age discreteness,not_documented
23,1,0.333,Age / Weight,Age,Weight,452,452,https://webdav.tuebingen.mpg.de/cause-effect/pair0023.txt,https://webdav.tuebingen.mpg.de/cause-effect/pair0023_des.txt,c9adcdc03e25890ad4ec765f0104633cdaea84eed5a3fb4e9da0868f8fd62c46,ambiguous,Arrhythmia age in years and weight are labeled linear; this does not settle age discreteness,not_documented
24,1,0.334,Age / Heart rate,Age,Heart rate,451,451,https://webdav.tuebingen.mpg.de/cause-effect/pair0024.txt,https://webdav.tuebingen.mpg.de/cause-effect/pair0024_des.txt,128f2431e884a57a8ba2ff71d43ae8ed5f57c2a9feb65d2c8fa1f94934162544,ambiguous,Age and heart rate; metadata does not specify age recording resolution,not_documented
25,1,0.125,Cement / Compressive strength,Cement,Compressive strength,1030,1030,https://webdav.tuebingen.mpg.de/cause-effect/pair0025.txt,https://webdav.tuebingen.mpg.de/cause-effect/pair0025_des.txt,1addcaa40eb1e4c8bb871514dad8e22972faf0e21da4c348c49d5c3ffcc56eae,yes,Cement mass and compressive strength in MPa are physical continuous measurements,not_documented
26,1,0.125,Blast furnace slag / Compressive strength,Blast furnace slag,Compressive strength,1030,1030,https://webdav.tuebingen.mpg.de/cause-effect/pair0026.txt,https://webdav.tuebingen.mpg.de/cause-effect/pair0026_des.txt,1f0feacb13a0cbafbbe89e999b7f8caf5c3e640cc2ebd8175c32cae77818a95a,yes,Blast furnace slag mass and compressive strength are physical continuous measurements,not_documented
27,1,0.125,Fly ash / Compressive strength,Fly ash,Compressive strength,1030,1030,https://webdav.tuebingen.mpg.de/cause-effect/pair0027.txt,https://webdav.tuebingen.mpg.de/cause-effect/pair0027_des.txt,35e30bf54aba4c3cc87251133b18ffb81655be36736f9099a11d309927b4b2d0,yes,Fly ash mass and compressive strength are physical continuous measurements,not_documented
28,1,0.125,Water / Compressive strength,Water,Compressive strength,1030,1030,https://webdav.tuebingen.mpg.de/cause-effect/pair0028.txt,https://webdav.tuebingen.mpg.de/cause-effect/pair0028_des.txt,2a8a98b32fe3dfced8608394681cef83d81deeacc13705799cf36f18e077ea51,yes,Water mass and compressive strength are physical continuous measurements,not_documented
29,1,0.125,Superplasticizer / Compressive strength,Superplasticizer,Compressive strength,1030,1030,https://webdav.tuebingen.mpg.de/cause-effect/pair0029.txt,https://webdav.tuebingen.mpg.de/cause-effect/pair0029_des.txt,194d61ca176e5e5dd3b30040359ad65a1257e420c84932a38fdd452fce0ed5cb,yes,Superplasticizer mass and compressive strength are physical continuous measurements,not_documented
30,1,0.125,Coarse aggregate / Compressive strength,Coarse aggregate,Compressive strength,1030,1030,https://webdav.tuebingen.mpg.de/cause-effect/pair0030.txt,https://webdav.tuebingen.mpg.de/cause-effect/pair0030_des.txt,8f1268fb80f6f9d57de7d2ad11359964aef75ffeba39469d139f4bb56fc08ddd,yes,Coarse aggregate mass and compressive strength are physical continuous measurements,not_documented
31,1,0.125,Fine aggregate / Compressive strength,Fine aggregate,Compressive strength,1030,1030,https://webdav.tuebingen.mpg.de/cause-effect/pair0031.txt,https://webdav.tuebingen.mpg.de/cause-effect/pair0031_des.txt,a8bf2a6e871e722202db20a049bf290a0d8c414bb40f9b805993865de57db8fa,yes,Fine aggregate mass and compressive strength are physical continuous measurements,not_documented
32,1,0.125,Age / Compressive strength,Age,Compressive strength,1030,1030,https://webdav.tuebingen.mpg.de/cause-effect/pair0032.txt,https://webdav.tuebingen.mpg.de/cause-effect/pair0032_des.txt,d7751529774090ac59620ceaacce3a8d58343ea4018331c8a9fe1e2ae813cc09,ambiguous,Concrete age recorded as Day 1-365; metadata does not specify integer versus continuous coding,not_documented
33,1,0.2,Alcohol consumption / Mean corpuscular volume,Alcohol consumption,Mean corpuscular volume,345,345,https://webdav.tuebingen.mpg.de/cause-effect/pair0033.txt,https://webdav.tuebingen.mpg.de/cause-effect/pair0033_des.txt,d8ef2219d82a8e642a0b5818fc607c0a10f3f58cac793403e8450c4bb92d2521,ambiguous,Number of half-pint equivalents drunk per day; metadata does not settle count versus fractional quantity,not_documented
34,1,0.2,Alcohol consumption / Alkaline phosphotase,Alcohol consumption,Alkaline phosphotase,345,345,https://webdav.tuebingen.mpg.de/cause-effect/pair0034.txt,https://webdav.tuebingen.mpg.de/cause-effect/pair0034_des.txt,920bfaf0faa3ba8cd36a7064662d3cb52d1d8c4054ae76554837d9f77ec5e8fa,ambiguous,Number of half-pint equivalents drunk per day; metadata does not settle count versus fractional quantity,not_documented
35,1,0.2,Alcohol consumption / Alanine aminotransferase,Alcohol consumption,Alanine aminotransferase,345,345,https://webdav.tuebingen.mpg.de/cause-effect/pair0035.txt,https://webdav.tuebingen.mpg.de/cause-effect/pair0035_des.txt,9bab0c04529b7e500b60fd64f547c4b03d8c753ffe254ba634144fd1424ab964,ambiguous,Number of half-pint equivalents drunk per day; metadata does not settle count versus fractional quantity,not_documented
36,1,0.2,Alcohol consumption / Aspartate aminotransferase,Alcohol consumption,Aspartate aminotransferase,345,345,https://webdav.tuebingen.mpg.de/cause-effect/pair0036.txt,https://webdav.tuebingen.mpg.de/cause-effect/pair0036_des.txt,b794c250378864681ec54fc0af1d9bfb25bb97ab6626ded9816b43e37c6b929c,ambiguous,Number of half-pint equivalents drunk per day; metadata does not settle count versus fractional quantity,not_documented
37,1,0.2,Alcohol consumption / Gamma-glutamyl transpeptdase,Alcohol consumption,Gamma-glutamyl transpeptdase,345,345,https://webdav.tuebingen.mpg.de/cause-effect/pair0037.txt,https://webdav.tuebingen.mpg.de/cause-effect/pair0037_des.txt,648c09ea9f4a6cbe915fd5435df53ac4cb08a2355306ba4f0c36af6986de7f89,ambiguous,Number of half-pint equivalents drunk per day; metadata does not settle count versus fractional quantity,not_documented
38,1,0.25,Age / Body mass index,Age,Body mass index,757,757,https://webdav.tuebingen.mpg.de/cause-effect/pair0038.txt,https://webdav.tuebingen.mpg.de/cause-effect/pair0038_des.txt,dd84a15b689146fab60380e247ca2a05f88a49ca745eaed9cf6fcbe207ee4b66,ambiguous,Age and BMI; metadata does not specify age recording resolution,not_documented
39,1,0.25,Age / Serum insulin,Age,Serum insulin,394,394,https://webdav.tuebingen.mpg.de/cause-effect/pair0039.txt,https://webdav.tuebingen.mpg.de/cause-effect/pair0039_des.txt,ad76b5488fab7d289c0de6fdca79d004b62f3998954699b35fb7a760519dfd47,ambiguous,Age and insulin; metadata does not specify age recording resolution,not_documented
40,1,0.25,Age / Diastolic blood pressure,Age,Diastolic blood pressure,733,733,https://webdav.tuebingen.mpg.de/cause-effect/pair0040.txt,https://webdav.tuebingen.mpg.de/cause-effect/pair0040_des.txt,9a9cea5bae04e22282d9879fe932aa6d26b3a9d8e9a4fc9f2ef2af31e424914d,ambiguous,Age and blood pressure; metadata does not specify age recording resolution,not_documented
41,1,0.25,Age / Plasma glucose concentration,Age,Plasma glucose concentration,763,763,https://webdav.tuebingen.mpg.de/cause-effect/pair0041.txt,https://webdav.tuebingen.mpg.de/cause-effect/pair0041_des.txt,694dde20e9eec58ea09bf7bacad0db1780ba096faf6669d2fc8be9fdbaa6bb3f,ambiguous,Age and glucose concentration; metadata does not specify age recording resolution,not_documented
42,1,0.5,Day of the year / Temperature,Day of the year,Temperature,9162,9162,https://webdav.tuebingen.mpg.de/cause-effect/pair0042.txt,https://webdav.tuebingen.mpg.de/cause-effect/pair0042_des.txt,e526b94f7301818819e6b67a22cb6522e47cf79a3479a9ee0d8a73029f9e4a16,no,Metadata explicitly identifies day of year as int and daily temperature as float,temporal
43,1,0.25,Temperature at t / Temperature at t+1,Temperature at t,Temperature at t+1,10369,10369,https://webdav.tuebingen.mpg.de/cause-effect/pair0043.txt,https://webdav.tuebingen.mpg.de/cause-effect/pair0043_des.txt,8065a70184441f8c5081134d8eeaed7b86e99ba1111330fea7084e023944c343,yes,Daily air temperatures in Kelvin at two dates on a global spatial grid,spatial_temporal
44,1,0.25,Pressure at t / Pressure at t+1,Pressure at t,Pressure at t+1,10369,10369,https://webdav.tuebingen.mpg.de/cause-effect/pair0044.txt,https://webdav.tuebingen.mpg.de/cause-effect/pair0044_des.txt,96397bbd58e115bb04c33841fef46fcd39bdc4c195dcd71b99ae3e6bcc5ba75f,yes,Daily surface pressures at two dates on a global spatial grid,spatial_temporal
45,1,0.25,Sea level pressure at t / Sea level pressure at t+1,Sea level pressure at t,Sea level pressure at t+1,10369,10369,https://webdav.tuebingen.mpg.de/cause-effect/pair0045.txt,https://webdav.tuebingen.mpg.de/cause-effect/pair0045_des.txt,1e1470acd36e54128fde5564c10a0ae4f58b04689e9ff412226547a8b5d7d011,yes,Daily sea level pressures at two dates on a global spatial grid,spatial_temporal
46,1,0.25,Relative humidity at t / Relative humidity at t+1,Relative humidity at t,Relative humidity at t+1,10369,10369,https://webdav.tuebingen.mpg.de/cause-effect/pair0046.txt,https://webdav.tuebingen.mpg.de/cause-effect/pair0046_des.txt,6fc30418135045a96de6bfaad30b193819a3d6070c297ba72eeaec3a55fc892c,yes,Daily relative humidities at two dates on a global spatial grid,spatial_temporal
47,2,1.0,Number of cars / Type of day,Number of cars,Type of day,254,254,https://webdav.tuebingen.mpg.de/cause-effect/pair0047.txt,https://webdav.tuebingen.mpg.de/cause-effect/pair0047_des.txt,bd4a7ce33d1c2a39a1b4386cae788063ad584776755da751b38cec8a3c238fef,no,Metadata labels day type categorical and other variable is number of cars,spatial_temporal
48,2,1.0,Indoor temperature / Outdoor temperature,Indoor temperature,Outdoor temperature,168,168,https://webdav.tuebingen.mpg.de/cause-effect/pair0048.txt,https://webdav.tuebingen.mpg.de/cause-effect/pair0048_des.txt,e1b1e6579580e9fbd45836c2d1a7ad97e46eed879c004874557b11918705a15b,yes,Indoor and outdoor temperature from environmental time series,temporal
49,2,0.333,Ozone concentration / Temperature,Ozone concentration,Temperature,365,365,https://webdav.tuebingen.mpg.de/cause-effect/pair0049.txt,https://webdav.tuebingen.mpg.de/cause-effect/pair0049_des.txt,9b060c396d4f3bcbfa06e74a7ff08fdf09adc635cd86455df8fd007a49e951dd,yes,Daily mean ozone concentration and temperature at Lausanne-Cesar-Roux in 2009,temporal
50,2,0.333,Ozone concentration / Temperature,Ozone concentration,Temperature,365,365,https://webdav.tuebingen.mpg.de/cause-effect/pair0050.txt,https://webdav.tuebingen.mpg.de/cause-effect/pair0050_des.txt,c03e38ab3362afc3a71b5040456c1d8415bf42dc8c0178274d8d229fb1aa62e2,yes,Daily mean ozone concentration and temperature at Chaumont in 2009,temporal
51,2,0.334,Ozone concentration / Temperature,Ozone concentration,Temperature,365,365,https://webdav.tuebingen.mpg.de/cause-effect/pair0051.txt,https://webdav.tuebingen.mpg.de/cause-effect/pair0051_des.txt,86bebee79a89f4438129d4f20dc5e36b0da23c1d011690c1614d49bf6b0dab27,yes,Daily mean ozone concentration and temperature at Davos-See in 2009,temporal
56,2,0.083,"Female life expectancy, 2000-2005 / Latitude","Female life expectancy, 2000-2005",Latitude,192,192,https://webdav.tuebingen.mpg.de/cause-effect/pair0056.txt,https://webdav.tuebingen.mpg.de/cause-effect/pair0056_des.txt,2a9caf75153e4345548c6f8c4988bd605ae64487782c09a6600e2041662cd3db,yes,Female life expectancy 2000-2005 and capital latitude across countries,spatial
57,2,0.083,"Female life expectancy, 1995-2000 / Latitude","Female life expectancy, 1995-2000",Latitude,192,192,https://webdav.tuebingen.mpg.de/cause-effect/pair0057.txt,https://webdav.tuebingen.mpg.de/cause-effect/pair0057_des.txt,ed25bb55fdc291891a71588f8fec7ecbbbc89b84de5fe6a3d64bf72a49d86d18,yes,Female life expectancy 1995-2000 and capital latitude across countries,spatial
58,2,0.084,"Female life expectancy, 1990-1995 / Latitude","Female life expectancy, 1990-1995",Latitude,192,192,https://webdav.tuebingen.mpg.de/cause-effect/pair0058.txt,https://webdav.tuebingen.mpg.de/cause-effect/pair0058_des.txt,5e97a54d9b3bc7e6554360212a50bebfb2d38f7e3dfb8912feab25d6b54f4543,yes,Female life expectancy 1990-1995 and capital latitude across countries,spatial
59,2,0.083,"Female life expectancy, 1985-1990 / Latitude","Female life expectancy, 1985-1990",Latitude,192,192,https://webdav.tuebingen.mpg.de/cause-effect/pair0059.txt,https://webdav.tuebingen.mpg.de/cause-effect/pair0059_des.txt,72cee345fcd1f19f13603ac0ec283ed87018748ccc31a807a4e552f46246011e,yes,Female life expectancy 1985-1990 and capital latitude across countries,spatial
60,2,0.083,"Male life expectancy, 2000-2005 / Latitude","Male life expectancy, 2000-2005",Latitude,192,192,https://webdav.tuebingen.mpg.de/cause-effect/pair0060.txt,https://webdav.tuebingen.mpg.de/cause-effect/pair0060_des.txt,6b483edca94b5b0e26429a7d517f8753df52917f3dd7efe127655ce45fd0807c,yes,Male life expectancy 2000-2005 and capital latitude across countries,spatial
61,2,0.084,"Male life expectancy, 1995-2000 / Latitude","Male life expectancy, 1995-2000",Latitude,192,192,https://webdav.tuebingen.mpg.de/cause-effect/pair0061.txt,https://webdav.tuebingen.mpg.de/cause-effect/pair0061_des.txt,5d41ce58a6839f387ded60b5850e6b9bcf041d361ef46ea554d9edabfa7bdad2,yes,Male life expectancy 1995-2000 and capital latitude across countries,spatial
62,2,0.083,"Male life expectancy, 1990-1995 / Latitude","Male life expectancy, 1990-1995",Latitude,192,192,https://webdav.tuebingen.mpg.de/cause-effect/pair0062.txt,https://webdav.tuebingen.mpg.de/cause-effect/pair0062_des.txt,9523652d06e2abe6e20071825da2a077a22d3d4f7a93e5d4fcdd0cae81e9228c,yes,Male life expectancy 1990-1995 and capital latitude across countries,spatial
63,2,0.083,"Male life expectancy, 1985-1990 / Latitude","Male life expectancy, 1985-1990",Latitude,192,192,https://webdav.tuebingen.mpg.de/cause-effect/pair0063.txt,https://webdav.tuebingen.mpg.de/cause-effect/pair0063_des.txt,50d6098a1f9da3ebad9c78fc31a905788c019167be0b6b63fc1231d47c6b3ea0,yes,Male life expectancy 1985-1990 and capital latitude across countries,spatial
64,1,0.084,Drinking water access / Infant mortality,Drinking water access,Infant mortality,162,162,https://webdav.tuebingen.mpg.de/cause-effect/pair0064.txt,https://webdav.tuebingen.mpg.de/cause-effect/pair0064_des.txt,a344208d19b67cdbae2bbb0e82b94bded2799d13b0b7dc959f8cda663ca7092d,yes,Population water access percentage and infant mortality rate across countries,spatial
65,1,0.333,Stock return of Hang Seng Bank / Stock return of HSBC Hldgs,Stock return of Hang Seng Bank,Stock return of HSBC Hldgs,1331,1331,https://webdav.tuebingen.mpg.de/cause-effect/pair0065.txt,https://webdav.tuebingen.mpg.de/cause-effect/pair0065_des.txt,9e3cf54a8b8afe3ac5f0e0699ef6c99b27cfb3d7a264deb6b1df603572a49014,yes,Stock returns computed from adjusted prices; temporally aligned daily series,temporal
66,1,0.333,Stock return of Hutchison / Stock return of Cheung kong,Stock return of Hutchison,Stock return of Cheung kong,1331,1331,https://webdav.tuebingen.mpg.de/cause-effect/pair0066.txt,https://webdav.tuebingen.mpg.de/cause-effect/pair0066_des.txt,942316ff7c5e0d7668019df26f42f64c6d6d6772fb94afd4620edb01b987568f,yes,Stock returns computed from adjusted prices; temporally aligned daily series,temporal
67,1,0.334,Stock return of Cheung kong / Stock return of Sun Hung Kai Prop.,Stock return of Cheung kong,Stock return of Sun Hung Kai Prop.,1331,1331,https://webdav.tuebingen.mpg.de/cause-effect/pair0067.txt,https://webdav.tuebingen.mpg.de/cause-effect/pair0067_des.txt,824836a74930a8af0b07fb618b071add2055f5fff188322773b25a2509721a5f,yes,Stock returns computed from adjusted prices; temporally aligned daily series,temporal
68,2,1.0,Bytes sent / Open http connections,Bytes sent,Open http connections,498,498,https://webdav.tuebingen.mpg.de/cause-effect/pair0068.txt,https://webdav.tuebingen.mpg.de/cause-effect/pair0068_des.txt,9e03a1d0643291f86d5d740930b7742b9028badafb3169fdbbbf5f474e706f0d,no,Number of open HTTP connections and bytes sent are counts; per-minute time series,temporal
69,2,1.0,Inside temperature / Outside temperature,Inside temperature,Outside temperature,16382,16382,https://webdav.tuebingen.mpg.de/cause-effect/pair0069.txt,https://webdav.tuebingen.mpg.de/cause-effect/pair0069_des.txt,b00ea0d7e5e502d78cde3b50e442d6749c2e3d163c118d0ad559249e483b4173,yes,Inside and outside temperature measured every five minutes,temporal
70,1,1.0,Parameter / Answer,Parameter,Answer,4499,4499,https://webdav.tuebingen.mpg.de/cause-effect/pair0070.txt,https://webdav.tuebingen.mpg.de/cause-effect/pair0070_des.txt,d353140f4baaa36152c58abbdbd57bdbf280b836054379886557f43f0403fe62,no,Metadata explicitly labels discrete stimulus parameter 0-14 and binary sex guess,not_documented
72,1,1.0,Sunspots / Global mean temperature,Sunspots,Global mean temperature,1632,1632,https://webdav.tuebingen.mpg.de/cause-effect/pair0072.txt,https://webdav.tuebingen.mpg.de/cause-effect/pair0072_des.txt,53dbc343b07b2f192346c9bafc581f588e3267f767b5b42a458109d9a5178e7e,yes,Sunspot area and temperature anomaly; monthly values 1874-2010,temporal
73,2,0.083,CO2 emissions / Energy use,CO2 emissions,Energy use,5084,5084,https://webdav.tuebingen.mpg.de/cause-effect/pair0073.txt,https://webdav.tuebingen.mpg.de/cause-effect/pair0073_des.txt,6921ce28995720e80141932c5ee9c66617b6664089cc0cc268198dd7b31716c8,yes,CO2 emissions and energy use per capita over countries and years,spatial_temporal
74,1,0.083,GNI per capita / Life expectancy,GNI per capita,Life expectancy,194,194,https://webdav.tuebingen.mpg.de/cause-effect/pair0074.txt,https://webdav.tuebingen.mpg.de/cause-effect/pair0074_des.txt,d2b7953fa6a67884700d07eb67d89e0ece61d7d29b51931275abe0c5d7349842,yes,Gross national income per capita and life expectancy across countries,spatial
75,2,0.084,Under-5 mortality rate / GNI per capita,Under-5 mortality rate,GNI per capita,205,205,https://webdav.tuebingen.mpg.de/cause-effect/pair0075.txt,https://webdav.tuebingen.mpg.de/cause-effect/pair0075_des.txt,2c760728d451a2169e1f67c34f5e8e855dd66de8f7862a8690d2146e7d9dfe74,yes,Mortality rate and gross national income per capita across countries,spatial
76,1,1.0,Population growth / Food consumption growth,Population growth,Food consumption growth,347,347,https://webdav.tuebingen.mpg.de/cause-effect/pair0076.txt,https://webdav.tuebingen.mpg.de/cause-effect/pair0076_des.txt,dbccf8749eab8f46c02a3a46ce901c572fac24ae79cb6b84def03d03f4b5fc8e,yes,Annual rates of population and dietary consumption change over countries and two periods,spatial_temporal
77,2,0.5,Temperature / Solar radiation,Temperature,Solar radiation,8401,8401,https://webdav.tuebingen.mpg.de/cause-effect/pair0077.txt,https://webdav.tuebingen.mpg.de/cause-effect/pair0077_des.txt,11ac9c44461bd6c2c0b799d9247a2dcf69102cd15e8d4948ba9e71646c280846,yes,Daily mean temperature and solar radiation; same Furtwangen archive as pair42,temporal
78,1,0.3333,PPFD / Net Ecosystem Productivity,PPFD,Net Ecosystem Productivity,721,721,https://webdav.tuebingen.mpg.de/cause-effect/pair0078.txt,https://webdav.tuebingen.mpg.de/cause-effect/pair0078_des.txt,53d129fdcc69d4b76a24b4a47c04c3daa548056271b5e6a6ec70d88da1b6470e,yes,Photon flux density and ecosystem carbon flux at DE-Hai tower,temporal
79,2,0.3333,Net Ecosystem Productivity / Diffuse PPFDdif,Net Ecosystem Productivity,Diffuse PPFDdif,721,721,https://webdav.tuebingen.mpg.de/cause-effect/pair0079.txt,https://webdav.tuebingen.mpg.de/cause-effect/pair0079_des.txt,b8891abccf06f596fffe525e58f543115b364db26612d952e7b4f237ed437715,yes,Ecosystem carbon flux and diffuse photon flux density at same DE-Hai tower,temporal
80,2,0.3334,Net Ecosystem Productivity / Direct PPFDdir,Net Ecosystem Productivity,Direct PPFDdir,721,721,https://webdav.tuebingen.mpg.de/cause-effect/pair0080.txt,https://webdav.tuebingen.mpg.de/cause-effect/pair0080_des.txt,28c1f7f8debac18e0b0bff2c10a1e36106bd4f41eedfe62d3347b56ed94b29cd,yes,Ecosystem carbon flux and direct photon flux density at same DE-Hai tower,temporal
81,1,0.3333,"Temperature / Local CO2 flux, BE-Bra",Temperature,"Local CO2 flux, BE-Bra",365,365,https://webdav.tuebingen.mpg.de/cause-effect/pair0081.txt,https://webdav.tuebingen.mpg.de/cause-effect/pair0081_des.txt,c4cc9c98aad331ba6854d9b6c02ef4889f06f343a195a4ed49567d3cb8b90637,yes,Temperature and nightly CO2 flux at BE-Bra; 365 nightly measurements,temporal
82,1,0.3333,"Temperature / Local CO2 flux, DE-Har",Temperature,"Local CO2 flux, DE-Har",365,365,https://webdav.tuebingen.mpg.de/cause-effect/pair0082.txt,https://webdav.tuebingen.mpg.de/cause-effect/pair0082_des.txt,f890dba0ebbf00751ff1dd537e836a38ca79a0d813cc1ddc00b70186a085f296,yes,Temperature and nightly CO2 flux at DE-Har; 365 nightly measurements,temporal
83,1,0.3334,"Temperature / Local CO2 flux, US-PFa",Temperature,"Local CO2 flux, US-PFa",365,365,https://webdav.tuebingen.mpg.de/cause-effect/pair0083.txt,https://webdav.tuebingen.mpg.de/cause-effect/pair0083_des.txt,4c172a2a8ec34689f57fab60bf8ec4961b2890881b404b75979cd55a3b94d171,yes,Temperature and nightly CO2 flux at US-PFa; 365 nightly measurements,temporal
84,2,1.0,Employment / Population,Employment,Population,3102,3102,https://webdav.tuebingen.mpg.de/cause-effect/pair0084.txt,https://webdav.tuebingen.mpg.de/cause-effect/pair0084_des.txt,161900f07a9011e0452a1192eaf39ed04f91c37928e1963432f59f890c337b1e,no,Logarithms of employment and population counts; transformation does not make count support continuous,spatial
85,1,1.0,Time of measurement / Protein content of milk,Time of measurement,Protein content of milk,994,994,https://webdav.tuebingen.mpg.de/cause-effect/pair0085.txt,https://webdav.tuebingen.mpg.de/cause-effect/pair0085_des.txt,07eec63dafd40a415c87e0901d96c99b5e7ff57f978b8c1362b98e043c83eb39,no,Time explicitly recorded as weekly index 1-14; repeated measurements of 71 cows,temporal_repeated_subject
86,1,1.0,Size of apartment / Monthly rent,Size of apartment,Monthly rent,666,666,https://webdav.tuebingen.mpg.de/cause-effect/pair0086.txt,https://webdav.tuebingen.mpg.de/cause-effect/pair0086_des.txt,2d5ebf8d266797c806733ae242ced13c4ecce2017eabd5aad2e9f03b7d8f95b9,yes,Apartment floor area and monthly rent are measured quantitative physical and monetary amounts,not_documented
87,1,1.0,Temperature / Total snow,Temperature,Total snow,7753,7753,https://webdav.tuebingen.mpg.de/cause-effect/pair0087.txt,https://webdav.tuebingen.mpg.de/cause-effect/pair0087_des.txt,c065596405ac25464d448566de46958d9c800e1bc5ec988984234de534e40883,yes,Daily mean temperature and total snowfall depth in cm,temporal
88,1,1.0,Age / Relative spinal bone mineral density,Age,Relative spinal bone mineral density,261,261,https://webdav.tuebingen.mpg.de/cause-effect/pair0088.txt,https://webdav.tuebingen.mpg.de/cause-effect/pair0088_des.txt,6e8af0542dde395b5f04a70d9d1f3976a7e6745d185b51ae4d71c4577b95a0b3,ambiguous,Child age and relative spinal bone density; first observation per child; age resolution unstated,not_documented
89,2,0.25,root decomposition Oct (grassl) / root decomposition Oct (grassl),root decomposition Oct (grassl),root decomposition Oct (grassl),131,131,https://webdav.tuebingen.mpg.de/cause-effect/pair0089.txt,https://webdav.tuebingen.mpg.de/cause-effect/pair0089_des.txt,bbf86c7352da2987cd661509dd44ab782c77d6ecadfb72d805426a033193a1ae,yes,Root mass loss percentages at two dates in forest plots,spatial_repeated_plot
90,2,0.25,root decomposition Oct (forest) / root decomposition Oct (forest),root decomposition Oct (forest),root decomposition Oct (forest),126,126,https://webdav.tuebingen.mpg.de/cause-effect/pair0090.txt,https://webdav.tuebingen.mpg.de/cause-effect/pair0090_des.txt,6ed926e0a7608e1d9aeaaf1ca4a727de8cbe9db0aeeb820e18e2ca361356c00b,yes,Root mass loss percentages at two dates in grassland plots,spatial_repeated_plot
91,1,0.25,clay cont. in soil (forest) / soil moisture,clay cont. in soil (forest),soil moisture,149,149,https://webdav.tuebingen.mpg.de/cause-effect/pair0091.txt,https://webdav.tuebingen.mpg.de/cause-effect/pair0091_des.txt,a68c8b7e0774b087843862ee5180218709580d8414b08eae5e0e4ab0b33681b4,yes,Clay content and soil moisture percentage in forest plots,spatial
92,2,0.25,organic carbon in soil (forest) / clay cont. in soil (forest),organic carbon in soil (forest),clay cont. in soil (forest),150,150,https://webdav.tuebingen.mpg.de/cause-effect/pair0092.txt,https://webdav.tuebingen.mpg.de/cause-effect/pair0092_des.txt,7eada8e1d5b3cc8c155e17d8f28f5f40bf975b21fc72e254921f674db51a9fae,yes,Organic carbon and clay concentrations in forest plots,spatial
93,1,1.0,precipitation / runoff,precipitation,runoff,432,432,https://webdav.tuebingen.mpg.de/cause-effect/pair0093.txt,https://webdav.tuebingen.mpg.de/cause-effect/pair0093_des.txt,ba8565537e3ca78fcf806c0939359136603ee2919b11df2a26beab4b6404944b,yes,Long-term mean precipitation and runoff in mm per day across river catchments,spatial
94,1,0.3333,hour of day / temperature,hour of day,temperature,9504,9504,https://webdav.tuebingen.mpg.de/cause-effect/pair0094.txt,https://webdav.tuebingen.mpg.de/cause-effect/pair0094_des.txt,bc790da5c5690f7e8ff30acc3dda15ebafa299468c64be6c20fe794093cf6407,ambiguous,Hour of day and temperature; metadata does not specify hour integer coding or time resolution,temporal
95,1,0.3333,hour of day / electricity load,hour of day,electricity load,9504,9504,https://webdav.tuebingen.mpg.de/cause-effect/pair0095.txt,https://webdav.tuebingen.mpg.de/cause-effect/pair0095_des.txt,4f7fa7bce6e6e92a68c4e794e215319553182dff2b6bd323799168cad2f8608b,ambiguous,Hour of day and electricity load; metadata does not specify hour integer coding or time resolution,temporal
96,1,0.3333,temperature / electricity load,temperature,electricity load,9504,9504,https://webdav.tuebingen.mpg.de/cause-effect/pair0096.txt,https://webdav.tuebingen.mpg.de/cause-effect/pair0096_des.txt,06c31e7e554763000a5de25015d6110f9b0392e4594eeb47043c31644ecd510c,yes,Temperature and electricity load in MWh from same regional energy distributor,temporal
97,1,0.2,speed at the beginning / speed at the end,speed at the beginning,speed at the end,202,202,https://webdav.tuebingen.mpg.de/cause-effect/pair0097.txt,https://webdav.tuebingen.mpg.de/cause-effect/pair0097_des.txt,36a4f5a1df84b7e537316514c713298ba26aa89201374a0dafb5cd67c5449a47,yes,Initial and later ball speeds measured by light barriers,experimental_sequence
98,1,0.2,speed at the beginning / speed at the end,speed at the beginning,speed at the end,94,94,https://webdav.tuebingen.mpg.de/cause-effect/pair0098.txt,https://webdav.tuebingen.mpg.de/cause-effect/pair0098_des.txt,2dc8cc9f9788be0d1beb7879eb3c9e3d8e05e63360cbc48086d220775a2b6d77,yes,Initial and later ball speeds; same apparatus as pair97 with longer acceleration zone,experimental_sequence
99,2,1.0,language test score / social-economic status family,language test score,social-economic status family,2287,2287,https://webdav.tuebingen.mpg.de/cause-effect/pair0099.txt,https://webdav.tuebingen.mpg.de/cause-effect/pair0099_des.txt,90c686c12f561582cc2ac441f91d4c6464a26c1d820fd3bf9436afb81425b777,ambiguous,Language test score and family socioeconomic status; scale discreteness unspecified; school clustering,clustered_school
100,1,1.0,cycle time of CPU / performance,cycle time of CPU,performance,209,209,https://webdav.tuebingen.mpg.de/cause-effect/pair0100.txt,https://webdav.tuebingen.mpg.de/cause-effect/pair0100_des.txt,f3e2a778c14b749760067e6dc95177bd3b9811b5da689250457f8dfc7662a913,yes,Log cycle time and relative CPU benchmark performance are quantitative measured magnitudes,not_documented
101,1,0.5,grey value of a pixel / brightness of the screen,grey value of a pixel,brightness of the screen,300,300,https://webdav.tuebingen.mpg.de/cause-effect/pair0101.txt,https://webdav.tuebingen.mpg.de/cause-effect/pair0101_des.txt,61e24685006007d9cf5f580dbd9708cb6f54fedbcc19859724fe55f48127d926,no,Digital image pixel grey value and photodiode intensity; finite digital grey scale is discrete,experimental_sequence
102,1,0.2,position of a ball / time for passing a track segment,position of a ball,time for passing a track segment,109,109,https://webdav.tuebingen.mpg.de/cause-effect/pair0102.txt,https://webdav.tuebingen.mpg.de/cause-effect/pair0102_des.txt,c7325e5191684d04b144029553b4663d611349f43bcfaaaa5e06dadd03f1da21,yes,Ball starting position and first passing-time interval; same run as pairs103-104,experimental_sequence
103,1,0.2,position of a ball / time for passing a track segment,position of a ball,time for passing a track segment,109,109,https://webdav.tuebingen.mpg.de/cause-effect/pair0103.txt,https://webdav.tuebingen.mpg.de/cause-effect/pair0103_des.txt,9ce1a2440a9f50810225f9a63fa7095c38e71155ae8862296298c3c66fcccd6c,yes,Ball starting position and second passing-time interval; same run as pairs102-104,experimental_sequence
104,1,0.2,time for passing 1. segment / time for passing 2. segment,time for passing 1. segment,time for passing 2. segment,109,109,https://webdav.tuebingen.mpg.de/cause-effect/pair0104.txt,https://webdav.tuebingen.mpg.de/cause-effect/pair0104_des.txt,bd8b5f5bca48af862d3e884d156cf0d3882381fb744434886c1833a304888fc3,yes,First and second passing-time intervals; same run as pairs102-103,experimental_sequence
106,2,1.0,time required for one round / voltage,time required for one round,voltage,114,114,https://webdav.tuebingen.mpg.de/cause-effect/pair0106.txt,https://webdav.tuebingen.mpg.de/cause-effect/pair0106_des.txt,f77deba332570126a6332be9106ea94f12b2fff895cda1468925b57cb9ceaf8b,yes,Locomotive round-trip time and applied voltage are physical continuous quantities,experimental_sequence
107,1,1.0,strength of contrast / answer correct or not,strength of contrast,answer correct or not,240,240,https://webdav.tuebingen.mpg.de/cause-effect/pair0107.txt,https://webdav.tuebingen.mpg.de/cause-effect/pair0107_des.txt,b4cff5bd3b3ee202ec04c81f8d62a484bd6ed63ce269c57066d75da3eb343d06,no,Metadata explicitly states discrete contrast steps and binary correct-response indicator,clustered_subject
108,2,1.0,time for 1/6 rotation / temperature,time for 1/6 rotation,temperature,112,112,https://webdav.tuebingen.mpg.de/cause-effect/pair0108.txt,https://webdav.tuebingen.mpg.de/cause-effect/pair0108_des.txt,3680d0d89b80c5fbd5cab5a491a95296cd17e198614eeebb7bbe2f63a26c11dc,yes,Stirling engine rotation duration and heat-bath temperature are physical continuous quantities,possible_temporal
